Methods,VM_chance,M_chance,Correct,Cost_per_test_USD,Turnaround_time_hours,Expected_number_of_test
P_Biochem,0.008333333,0.029166667,0.9625,0.56,24,15000
Vitek2,0.004166667,0.016666667,0.979166667,6,6,15000
MALDI_2.0,0,0.208333333,0.791666667,3.33,1,15000
MALDI_1.9,0,0.0875,0.9125,3.33,1,15000
MALDI_1.8,0,0.041666667,0.958333333,3.33,1,15000
